ID,Latitude,Longitude,Block,Level,Parent,State,Details
0,-27.600469,-48.5182707,0,0,-1,VIC,cloud
1,-27.6004237,-48.5183383,1,1,0,VIC,proxy
2,-27.6005196,-48.5182756,2,1,0,VIC,proxy
3,-27.6004232,-48.5182375,3,1,0,VIC,proxy
4,-27.6005007,-48.5182175,3,2,3,VIC,gateway
5,-27.6005311,-48.5183129,2,2,2,VIC,gateway
6,-27.6004975,-48.5181835,3,2,3,VIC,gateway
7,-27.6005364,-48.5182298,2,2,2,VIC,gateway
8,-27.6004051,-48.5182962,1,2,1,VIC,gateway
9,-27.6004549,-48.5182222,3,2,3,VIC,gateway
10,-27.6004971,-48.5182503,2,2,2,VIC,gateway
12,-27.6004941,-48.5183321,1,2,1,VIC,gateway
13,-27.6004909,-48.5182899,2,2,2,VIC,gateway
14,-27.6004623,-48.518192,3,2,3,VIC,gateway
15,-27.6004368,-48.5182597,3,2,3,VIC,gateway
16,-27.6004585,-48.518334,1,2,1,VIC,gateway
17,-27.6004047,-48.5182578,1,2,1,VIC,gateway
18,-27.6005227,-48.5181864,2,2,2,VIC,gateway
19,-27.6005735,-48.5182723,2,2,2,VIC,gateway
20,-27.600402,-48.5183527,1,2,1,VIC,gateway